System,label,AveP,bPref,avgF1,maxF1,avgF2,maxF2,k*,F1@k*,P@k*,R@k*,n_ranked_items,total_requirements
E1,Prec. Macro ranking,0.8159507008031842,0.7415166204986147,0.5873091190126518,0.7391304347826086,0.6233922255516969,0.7739307535641547,62,0.7391304347826086,0.8225806451612904,0.6710526315789473,187,76
E2,Support ranking,0.7939336681903801,0.700484764542936,0.5692004332901058,0.734375,0.603036249795305,0.7739307535641547,52,0.734375,0.9038461538461539,0.618421052631579,187,76
E3,Prec. Macro Balanced ranking,0.7580670779693304,0.6734764542936292,0.5573108727330852,0.6808510638297872,0.5935624791251957,0.7739307535641547,65,0.6808510638297872,0.7384615384615385,0.631578947368421,187,76
E4,Prec. Micro A ranking,0.8156532390148955,0.7437673130193904,0.5878247415751338,0.734375,0.6241274363218027,0.7739307535641547,52,0.734375,0.9038461538461539,0.618421052631579,187,76
E5,Prec. Micro B ranking,0.81660185021852,0.7553670360110799,0.5895845263436199,0.7272727272727273,0.6261547103588145,0.7812500000000001,56,0.7272727272727273,0.8571428571428571,0.631578947368421,187,76
